,username,spider,skeleton,magma_cube,piglin,pig,creeper,sheep,zombie,ghast,cow,enderman,chicken,zombie_villager,axolotl,blaze,cat,cave_spider,drowned,elder_guardian,glow_squid,guardian,hoglin,horse,iron_golem,phantom,piglin_brute,pillager,salmon,shulker,silverfish,slime,squid,trader_llama,witch,wither,wither_skeleton,zombified_piglin,wandering_trader,stray,bat,cod,endermite,evoker,husk,rabbit,ravager,vindicator,llama,wolf,bee,turtle,ender_dragon,panda,parrot,polar_bear,strider,tropical_fish,vex,pufferfish,skeleton_horse,villager,donkey,mooshroom,fox,zoglin,zombie_horse,dolphin,goat,snow_golem,giant,mule,ocelot
0,Owl44,5.0,10.0,25.0,6.0,6.0,11.0,8.0,20.0,1.0,7.0,1779.0,,,,,,,,,,,,,,,,,,,,,,,,,,,,,,,,,,,,,,,,,,,,,,,,,,,,,,,,,,,,,
1,ExoneratedManiac,,4.0,,,2.0,3.0,6.0,3.0,,8.0,,2.0,1.0,,,,,,,,,,,,,,,,,,,,,,,,,,,,,,,,,,,,,,,,,,,,,,,,,,,,,,,,,,,
2,En_Vision,44.0,83.0,34.0,31.0,6.0,79.0,26.0,1532.0,7.0,73.0,1357.0,18.0,2.0,1.0,102.0,15.0,3.0,4.0,3.0,4.0,1.0,2.0,8.0,30.0,6.0,4.0,5.0,7.0,220.0,21.0,18.0,9.0,1.0,4.0,2.0,148.0,79.0,,,,,,,,,,,,,,,,,,,,,,,,,,,,,,,,,,,
3,Rose__Bloom,,7.0,,,2.0,2.0,1.0,7.0,,2.0,,,,,,,,2.0,,,,,,,,,,2.0,,,,1.0,2.0,,,,2.0,1.0,,,,,,,,,,,,,,,,,,,,,,,,,,,,,,,,,,
4,StickyBubbleGum,,,,,,1.0,,1.0,,,1.0,,,,,,,,,1.0,,,,,,,,,,,,,,,,,,,2.0,,,,,,,,,,,,,,,,,,,,,,,,,,,,,,,,,
5,Turtlemayo,42.0,67.0,,36.0,,38.0,7.0,49.0,,4.0,4521.0,5.0,,,2.0,,,6.0,,6.0,,7.0,,,,,36.0,6.0,,,,,2.0,7.0,,,4.0,2.0,,2.0,10.0,1.0,4.0,97.0,4.0,3.0,17.0,,,,,,,,,,,,,,,,,,,,,,,,,
6,SocraticParadox,2.0,2.0,,,,3.0,,2.0,,,,,,,,,,,,,,,,,,,,,,,,,,,,,,,,,,,,,,,,,,,,,,,,,,,,,,,,,,,,,,,,
7,Slimeslayer9,,3.0,,,,1.0,3.0,5.0,,,,,,,,,,,,,,,,,,,,,,,,,,,,,,,,,,,,,,,,,,,,,,,,,,,,,,,,,,,,,,,,
8,RubyPlaysMC,44.0,69.0,,6.0,15.0,116.0,42.0,67.0,1.0,111.0,1961.0,9.0,1.0,,10.0,,,,,,,2.0,,,,,2.0,12.0,,11.0,,,,4.0,,,,,,,,,2.0,59.0,,1.0,2.0,,,,,,,,,,,,,,,,,,,,,,,,,
9,Fedron,,,,,,,,3.0,,,,,,,,,,,,,,,,,,,,,,,,,,,,,,,,,,,,,,,,,,,,,,,,,,,,,,,,,,,,,,,,
10,isyste,,,,,,,,1.0,,1.0,,,,,,,,,,,,,,,,,,,,,,,,,,,,,,,,,,,,,,,,,,,,,,,,,,,,,,,,,,,,,,
11,The_Bananalol,,1.0,,,14.0,,3.0,,,5.0,,3.0,,,,,,,,,,,,,,,,,,,,,,,,,,,,,,,,,,,,2.0,1.0,,,,,,,,,,,,,,,,,,,,,,,
12,POT7940,5.0,8.0,,5.0,16.0,3.0,18.0,58.0,,15.0,1099.0,8.0,2.0,,,,,1.0,,,,,,,,,4.0,,,,,,,,,,1.0,,,,,,,,3.0,,,,,2.0,1.0,,,,,,,,,,,,,,,,,,,,,
13,Vivi_111,4.0,5.0,,,20.0,,11.0,15.0,,26.0,,24.0,,,,,169.0,,,,,,,,,,,27.0,,2.0,,1.0,,,,,,,,,,,,,,,,,,,,,,,,,,,,,,,,,,,,,,,,
14,Brstmanis,8.0,33.0,,,,21.0,,46.0,,,695.0,,1.0,,,,,1.0,,,,,,,9.0,,,,15.0,,41.0,,,1.0,,,,,,,,,,2.0,,,,,,,,,,,,,,,,,,,,,,,,,,,,
15,Captain_Eevee,137.0,260.0,42.0,60.0,36.0,229.0,50.0,543.0,9.0,43.0,24107.0,42.0,10.0,85.0,2271.0,7.0,26.0,155.0,,66.0,1.0,9.0,1.0,23.0,35.0,34.0,5.0,21.0,24.0,6.0,19.0,107.0,5.0,5.0,1.0,19.0,24.0,1.0,,9.0,,5.0,3.0,,,1.0,6.0,3.0,1.0,2.0,1.0,6.0,4.0,2.0,6.0,1.0,2.0,3.0,,,,,,,,,,,,,,
16,FloweringBunny,960.0,3580.0,114.0,12.0,10.0,59.0,1.0,271.0,2.0,7.0,3470.0,125.0,4.0,,,,10.0,23.0,,4.0,,3.0,1.0,,20.0,,8.0,8.0,,76.0,205.0,2.0,5.0,2.0,,2.0,5.0,3.0,,1.0,,1.0,2.0,1.0,,3.0,4.0,,3.0,,,,,,,1.0,,3.0,2.0,1.0,1.0,,,,,,,,,,,
17,Titanicus,195.0,366.0,206.0,37.0,22.0,358.0,76.0,584.0,16.0,98.0,30994.0,155.0,16.0,,1353.0,82.0,14.0,60.0,,6.0,,26.0,17.0,9.0,14.0,1.0,278.0,53.0,199.0,29.0,70.0,86.0,61.0,50.0,4.0,47.0,107.0,23.0,,26.0,,21.0,31.0,20.0,5.0,22.0,126.0,44.0,14.0,13.0,42.0,1.0,1.0,1.0,12.0,,,20.0,,17.0,3.0,2.0,22.0,,,,,,,,,
18,Aquafina__,184.0,1222.0,154.0,218.0,9.0,370.0,63.0,1213.0,20.0,475.0,21370.0,67.0,21.0,1.0,8.0,2.0,571.0,8.0,,1.0,,101.0,2.0,3.0,40.0,17.0,113.0,14.0,40.0,8.0,65.0,14.0,2.0,27.0,3.0,180.0,354.0,3.0,,1.0,,,9.0,72.0,6.0,9.0,57.0,,6.0,5.0,,,,1.0,,,,33.0,,3.0,4.0,,,2.0,1.0,1.0,,,,,,
19,tapatio_dealer,538.0,399.0,41.0,88.0,51.0,293.0,36.0,769.0,9.0,36.0,11619.0,46.0,18.0,,102.0,2.0,3.0,9.0,1.0,,12.0,25.0,1.0,2.0,36.0,,3.0,68.0,16.0,6.0,,47.0,2.0,8.0,1.0,310.0,68.0,1.0,3.0,2.0,1.0,1.0,,110.0,14.0,,1.0,1.0,,,10.0,,,,3.0,1.0,,,,,1.0,,,,,,,,,,,
20,KittenGosCrazy,46.0,136.0,75.0,12.0,2.0,56.0,6.0,352.0,1.0,17.0,10766.0,23.0,6.0,,8.0,,9.0,3.0,,,,5.0,,4.0,29.0,,14.0,21.0,105.0,116.0,13.0,16.0,,3.0,,22.0,3.0,,,1.0,,4.0,1.0,1.0,,1.0,4.0,1.0,,,,1.0,,,,,,3.0,,1.0,,,,,,,,,,,,
21,Ciemny__,118.0,198.0,1.0,36.0,60.0,56.0,70.0,315.0,11.0,49.0,6220.0,33.0,6.0,,,,,8.0,,,,8.0,1.0,2.0,8.0,,23.0,31.0,,,3.0,8.0,2.0,1.0,,,1.0,,,1.0,,9.0,,,,,,,,,,,,,,,,,,,,,,,,,,,,,,
22,eltyson,,1.0,,,1.0,,,6.0,,2.0,,2.0,,,,,,,,,,,,,,,,,,,,,,,,,,,,,,,,,,,,,,,,,,,,,,,,,,,,,,,,,,,,
23,AnimeLoveGod,,1.0,,,,,,2.0,,,,,,,,,,,,,,,,,,,,,,,,,,,,,,,,,,,,,,,,,,,,,,,,,,,,,,,,,,,,,,,,
24,MrStealYoKills,5.0,15.0,,,23.0,4.0,,30.0,,53.0,,25.0,,,,,13.0,,,2.0,,,,,,,,,,,,,,,,,,,,3.0,,,,,,,,,,,,,,,,,,,,,,,,,,,,,,,,
25,Bennyslammer,23.0,30.0,,,3.0,26.0,6.0,71.0,,45.0,6884.0,50.0,2.0,1.0,,,2.0,,,,,,,,7.0,,2.0,,,,1.0,2.0,1.0,,,,1.0,1.0,,2.0,,,,,,,,,1.0,2.0,,,,,,,,,,,,,,,,,,,,,,
26,JackinSac,9.0,2.0,,,,,2.0,2.0,,1.0,1036.0,26.0,,,,,,,,,,,,,,,,16.0,,,,4.0,,,,,,,,,,,,,,,,,,,,,,,,,,,,,,,,,,,,,,,,
27,Bibilita,1.0,3.0,,,,,,4.0,,,,,,,,,,,,,,,,,,,,,,,,,,,,,,,,,,,,,,,,,,,,,,,,,,,,,,,,,,,,,,,,
28,Starboy887,32.0,98.0,90.0,30.0,12.0,60.0,27.0,175.0,6.0,54.0,8456.0,25.0,2.0,,58.0,6.0,,7.0,,2.0,,2.0,21.0,41.0,4.0,2.0,214.0,10.0,13.0,,23.0,159.0,13.0,36.0,,55.0,12.0,2.0,,,,,29.0,1.0,1.0,24.0,124.0,6.0,9.0,2.0,5.0,1.0,,,1.0,,,41.0,,1.0,11.0,,,3.0,,,1.0,1.0,1.0,,,
29,thatweirdopix,792.0,109.0,22.0,,12.0,49.0,10.0,146.0,1.0,37.0,14411.0,13.0,1.0,,,,2.0,26.0,,1.0,,,,,20.0,,3.0,14.0,1.0,,94.0,1.0,3.0,1.0,1.0,,18.0,,1.0,1.0,,,,1.0,,,,4.0,1.0,,1.0,,1.0,,,,,,1.0,1.0,2.0,,,,,,,3.0,,,,
30,poopeth,68.0,150.0,180.0,140.0,19.0,77.0,40.0,363.0,11.0,44.0,19469.0,17.0,9.0,,107.0,,133.0,14.0,,,,57.0,1.0,9.0,18.0,5.0,35.0,45.0,447.0,20.0,,73.0,3.0,6.0,15.0,1935.0,51.0,4.0,2.0,,,6.0,3.0,14.0,,4.0,11.0,2.0,3.0,,,1.0,,,,1.0,,11.0,,,25.0,,,,,,,,,,,
31,Areoki,58.0,93.0,,,1.0,37.0,1.0,202.0,,13.0,2.0,54.0,3.0,,,,24.0,3.0,,1.0,,,,1.0,12.0,,11.0,57.0,,,,4.0,,3.0,,,1.0,,,,,,,20.0,,,,1.0,,,,,,,,,,,,,1.0,,,,,,,,,,,
32,ToastyMans,54.0,147.0,42.0,5.0,21.0,61.0,,299.0,1.0,89.0,7602.0,4.0,9.0,,5.0,,2.0,4.0,,1.0,,4.0,,,1.0,,19.0,,,152.0,67.0,1.0,4.0,4.0,,2.0,1.0,,,2.0,,,1.0,,,,10.0,,1.0,,,,,,,,,9.0,,,,,,,,,1.0,,,,,
33,Jbruno17,43.0,52.0,,,2.0,35.0,,168.0,,18.0,23150.0,4.0,3.0,,,,7.0,1.0,,,,,9.0,,38.0,,1.0,3.0,,,,6.0,2.0,,,,,,,,,,,1.0,,,,3.0,,,,,,,,,,,,,,,,,,,,,,,,
34,LoneFoghunter,10.0,32.0,,7.0,1.0,5.0,5.0,29.0,,3.0,117.0,3.0,,,,,,,,,,1.0,2.0,,4.0,,,,,,,37.0,,,,,,,,,,1.0,,,,,,,,,,,,,,,,,,,,,,,,,,,,,,
35,Thyrical,1.0,26.0,,1.0,,9.0,,46.0,,60.0,,,,,,,4.0,,,,,4.0,,3.0,,2.0,3.0,,,,,,,2.0,,,,,,,7.0,,,5.0,,,,,,,,,,,,,7.0,,,,,,,,,,,,,,,
36,sejunie,,,,,4.0,,1.0,,,,,3.0,,,,,,,,,,,,,,,,,,,,,,,,,,,,,,,,,,,,,,,,,,,,,,,,,,,,,,,,,,,,
37,Gorrilag,9.0,26.0,,,12.0,14.0,12.0,55.0,,52.0,,,,,,,,1.0,,,,,,,,,,,,,19.0,,,1.0,,,11.0,,,,,,,,,,,,,,,,,,,,,,,,,,,,,,,2.0,,,,
38,diaboliqueXD,,2.0,,,,,1.0,2.0,,1.0,,,,,,,,,,,,,,,,,,,,,,,,,,,,,,,,,,,,,,,,,,,,,,,,,,,,,,,,,,,,,,
39,TeevReqq,,,,,11.0,,1.0,,,5.0,,4.0,,,,,,,,,,,,,,,,,,,,,,,,,,,,,,,,,,,,,,,,,,,,,,,,,,,,,,,,,,,,
40,briisu,5.0,20.0,,,13.0,4.0,16.0,35.0,,29.0,1.0,5.0,,,,,,,,,,,13.0,,1.0,,,,,5.0,,,,,,,,,,,,,,,,,,,,,,,,,,,,,,,,,,,,,,,,,,
41,Eserio,,1.0,,,,,,,,,,,,,,,,,,,,,,,,,,,,,,,,,,,,,,,,,,,,,,,,,,,,,,,,,,,,,,,,,,,,,,
42,Hoego115,12.0,28.0,,,15.0,10.0,17.0,86.0,,129.0,790.0,4.0,2.0,,,,,1.0,,,,,,,,,,,,,,,,,,,,,,,,,,2.0,,,,,,,,,,,,,,,,,,,,,,,,,,,,
43,Errordiamond300,44.0,79.0,30.0,6.0,53.0,26.0,28.0,73.0,,66.0,2636.0,17.0,1.0,,15.0,1.0,40.0,4.0,,,,2.0,1.0,,13.0,,10.0,2.0,,,42.0,,1.0,5.0,,2.0,138.0,1.0,,,,1.0,2.0,,,,6.0,,,,13.0,,3.0,,,,,6.0,,,,,,,,,,,,,,
44,BebaBlock,3.0,12.0,,,,6.0,3.0,15.0,,11.0,,,,,,,,,,,,,1.0,,,,,,,,16.0,,,,,,,,,,,,,1.0,,,,,,,,,,,,,,,,,,,,,,,,,,,,
45,vredeagle,1.0,8.0,,,,4.0,,9.0,,,,,1.0,,,,,1.0,,,,,,,,,,,,,,,,,,,,,,,,,,,,,,,,,,,,,,,,,,,,,,,,,,,,,,
46,its_Krayzee,1.0,2.0,,,,1.0,,7.0,,,1.0,,,,,,,,,,,,,,,,,,,,53.0,,,,,,,,,,,,,,,,,,,,,,,,,,,,,,,,,,,,,,,,,
47,Ferrno,134.0,317.0,1.0,18.0,20.0,223.0,30.0,671.0,1.0,95.0,3961.0,128.0,16.0,,6.0,,4.0,34.0,,38.0,,4.0,,4.0,6.0,,37.0,42.0,,,91.0,145.0,7.0,16.0,5.0,436.0,186.0,1.0,,26.0,,30.0,7.0,1.0,,3.0,21.0,,3.0,1.0,,1.0,,,,,,13.0,,,26.0,,,,,,,,,,,
48,boris_johnson_08,6.0,11.0,,9.0,3.0,3.0,5.0,32.0,,18.0,931.0,49.0,,,,1.0,,,,,,1.0,3.0,,,,,,,,,3.0,,,,,,,,,,1.0,,,,,,,,,,,,,,,,,,,,,,,,,,,,,,
49,Supreme_Ricardo,3.0,7.0,,,,3.0,,2.0,,,1.0,,,,,,,,,,,,,,,,,,,,,,,,,,,,,,,,,,,,,,,,,,,,,,,,,,,,,,,,,,,,,
50,jollygood795637,4.0,8.0,,,,4.0,,10.0,,4.0,,3.0,,,,,,,,,,,,,4.0,,,,,,,,1.0,,,,2.0,,,,,,,,,,,,,,,,,,,,,,,,,,,,,,,,,,,
51,Rich_U,80.0,217.0,53.0,20.0,9.0,148.0,5.0,400.0,12.0,43.0,2018.0,552.0,8.0,,1291.0,6.0,65.0,144696.0,24.0,2.0,,35.0,9.0,1.0,15.0,1.0,210833.0,1.0,48.0,11.0,420.0,2.0,11.0,34001.0,42.0,22926.0,128282.0,6.0,,4.0,25.0,,21521.0,72.0,,4.0,126690.0,2.0,3.0,,,,,,,,,3.0,,,1.0,,,,,,,,1.0,,,
52,Wither_Dust,3.0,7.0,,,9.0,10.0,7.0,10.0,,11.0,,4.0,,,,,,,,,,1.0,,,,,,,,,,,,,,,,,,,,,,,,,,,1.0,,,,,,,,,,,,,,,,,,,,,,,
53,mantrathijs,1.0,3.0,,3.0,4.0,,1.0,11.0,,,,2.0,,,,,,,,,,2.0,,,2.0,,,,,4.0,,,,,,,,,,,,,,,,,,,,,,,,,,,,,,,,,,,,,,,,,,
54,Cognetry,,,,,1.0,,,,,3.0,,,,,,,,,,,,,,,,,,,,,,,,,,,,,,,,,,,,,,,,,,,,,,,,,,,,,,,,,,,,,,
55,TyphoonFoN,29.0,126.0,1.0,53.0,22.0,56.0,25.0,105.0,1.0,11.0,1824.0,5.0,3.0,,3.0,,2.0,28.0,9.0,,8.0,39.0,,,,,,2.0,86.0,2.0,,7.0,1.0,2.0,,1.0,6.0,1.0,,,,,,,4.0,,,,,,,1.0,,,,,,,,,,,,,,,,,,,,
56,DibsTheHorse,23.0,68.0,2.0,20.0,26.0,39.0,77.0,236.0,,51.0,6102.0,100.0,4.0,,3.0,,,8.0,,,,25.0,,,20.0,,,8.0,,28.0,,3.0,,1.0,,4.0,3.0,,,,,,,6.0,,,,,,,,,,,,,,,,,,,,,,,,,,,,
57,LiquidGinger,22.0,36.0,,13.0,1.0,34.0,11.0,12.0,,10.0,2203.0,,3.0,,,,,1.0,,,,2.0,,,4.0,,3.0,16.0,14.0,,,6.0,,,,,,,,,,,,23.0,2.0,,,,,,1.0,,,,,,1.0,,1.0,,,,,,,,,,,,,
58,Chexse_,206.0,2170.0,75.0,211.0,41.0,368.0,21.0,408.0,19.0,78.0,34764.0,64.0,7.0,,4.0,,7.0,65.0,3.0,6.0,16.0,125.0,1.0,2.0,71.0,2.0,38.0,23.0,23.0,1.0,55.0,117.0,3.0,7.0,1.0,43.0,80568.0,14.0,1.0,3.0,2.0,13.0,1.0,273.0,14.0,4.0,11.0,2.0,,20.0,3.0,,,3.0,1.0,1.0,13.0,5.0,2.0,,40.0,,,1.0,,,,4.0,1.0,,,
59,Flynnium_,,,,,,,,4.0,,,,,,,,,,,,,,,,,,,,,,,,,,,,,,,,,,,,,,,,,,,,,,,,,,,,,,,,,,,,,,,,
60,SenseiRain,1.0,6.0,,,11.0,1.0,7.0,29.0,,5.0,264.0,5.0,1.0,,,,1.0,,,,,3.0,,,,,,2.0,,1.0,,,,,,,182.0,,,,,,,,,,,,,,,,,,,,,,,,,,,,,,,,,,,
61,UncleBarba,,1.0,,,,,,19.0,,,,,,,,,,,,,,,,,,,,,,,,,,,,,,,,,,,,,,,,,,,,,,,,,,,,,,,,,,,,,,,,
62,AI0099,11.0,38.0,42.0,1.0,3.0,20.0,7.0,152.0,,36.0,8442.0,3.0,6.0,,,,,,,1.0,,,1.0,,4.0,,1.0,10.0,,28.0,,9.0,,6.0,,,,,,1.0,,1.0,,,,,,,,,,,,,,,,,,1.0,,,,,,,,,,,,
63,Abarthnes,13.0,37.0,3.0,,,14.0,4.0,72.0,1.0,7.0,3506.0,7.0,1.0,,,,2.0,8.0,,,,,,,7.0,,1.0,,,,,2.0,,1.0,,,1.0,,,,,,,1.0,,,,,,,,,,,,,,,,,,,,,,,,,,,,
64,Awnn,10.0,19.0,,2.0,,16.0,,49.0,,1.0,8391.0,,,,,,,4.0,,,,,,,41.0,,,,,,,1.0,2.0,,,,,1.0,,,,2.0,,,,,,,4.0,1.0,,,,,,,,,,,,,,,,,,,,,,
65,_KanagawaRen,11.0,45.0,,13.0,,11.0,,88.0,,2.0,3849.0,1.0,1.0,,,,1.0,1.0,,1.0,,7.0,,,4.0,,,,3.0,,,2.0,,,,,,,,1.0,,1.0,,,,,,,,,,,,,,,,,,,,,17.0,,,,,,,,,
66,DragFire,6.0,13.0,,,4.0,6.0,3.0,27.0,,3.0,,4.0,,,,,,,,,,,,,,,,,,,,2.0,,,,,,,,,,,,,,,,,,,,,,,,,,,,,,,,,,,,,,,,
67,Benkein,19.0,52.0,,,,42.0,,81.0,,,5054.0,1.0,7.0,2.0,,,,4.0,,23.0,,,,,5.0,,,,,,9.0,,,,,,2.0,,6.0,15.0,,1.0,,,,,,,,,,,,,,,,,,,,,,,,,,,,,,
68,jar1360,67.0,249.0,1.0,7.0,180.0,113.0,92.0,353.0,1.0,69.0,29503.0,24.0,10.0,3.0,5.0,3.0,495.0,173.0,,7.0,,5.0,1.0,6.0,24.0,,946.0,35.0,,,276.0,77.0,2.0,43.0,4.0,319.0,34.0,1.0,,3.0,,2.0,28.0,4.0,6.0,,123.0,2.0,,1.0,4.0,,,,,5.0,,3.0,,4.0,7.0,,,,,,,,,,,
69,Filtered99,50.0,130.0,89.0,18.0,55.0,25.0,50.0,212.0,1.0,74.0,2601.0,52.0,4.0,,21.0,,4.0,14.0,,1.0,,9.0,,,11.0,3.0,777.0,15.0,,,,4.0,4.0,54.0,,1.0,2.0,3.0,,,,,41.0,4.0,3.0,2.0,176.0,1.0,2.0,,,,,,,,,13.0,,,16.0,,,1.0,,,,1.0,,,,
70,macklemoist,31.0,51.0,,1.0,32.0,44.0,37.0,234.0,,70.0,6.0,26.0,3.0,,4.0,,1.0,6.0,,,,,28.0,,,,,,,8.0,47.0,5.0,2.0,2.0,,1.0,,,,2.0,,,,,4.0,,,5.0,2.0,,2.0,,,,,,,,,,,,,,,,,,,,,
71,insert__nickname,1.0,6.0,,,,3.0,,4.0,,2.0,,,,,,,,,,,,,,,,,4.0,,,,,,,,,,,,,,,,,,,,,,,,,,,,,,,,,,,,,,,,,,,,,
72,kinyama,1.0,,,,,,,,,,,,,,,,,,,,,,,,,,,3.0,,,,,,,,,,,,,,,,,,,,,,,,,,,,,,,,,,,,,,,,,,,,
73,TheDuneRat,13.0,40.0,,,27.0,6.0,35.0,69.0,,18.0,,8.0,3.0,,,,,1.0,,,,,,,,,,17.0,,4.0,8.0,,,,,,,,,,,,,,,,,,,,,,,,,,,,,,,,,,,,,,,,,
74,FrostyGoron,67.0,259.0,77.0,17.0,4.0,131.0,36.0,289.0,7.0,413.0,5633.0,12.0,6.0,,34.0,,8.0,370.0,1.0,,5.0,10.0,,1.0,58.0,,119.0,15.0,133.0,31.0,79.0,21.0,,14.0,3.0,25.0,6.0,,1.0,,5.0,1.0,9.0,7.0,,11.0,41.0,,,,,,,1.0,,,,41.0,,,1.0,,,,,,1.0,,,,,
75,Marita2k,14.0,50.0,,,2.0,16.0,5.0,116.0,,31.0,4117.0,9.0,2.0,,,,11.0,140.0,,2.0,7.0,,,,11.0,,15.0,22.0,,6.0,,2.0,,4.0,,,2.0,1.0,,,25.0,1.0,,1.0,,1.0,2.0,,,,7.0,,172.0,,1.0,,,2.0,,,,,,1.0,,,,1.0,,,,
76,Skullio,53.0,65.0,134.0,12.0,67.0,20.0,40.0,162.0,6.0,79.0,8894.0,41.0,1.0,,24.0,,,336.0,3.0,,27.0,2.0,10.0,1.0,4.0,,3.0,36.0,,4.0,5.0,1.0,,2.0,1.0,55.0,9.0,,,,,,,,,,,,,,,1.0,,,6.0,,,,,,,,,,,,,,,,,
77,thatpie,38.0,25.0,,2.0,12.0,32.0,26.0,79.0,1.0,150.0,10263.0,23.0,,,,,,71.0,,11.0,,,,,3.0,,3.0,11.0,,,14.0,8.0,,1.0,,,10.0,,,1.0,,,,1.0,1.0,,1.0,,,,1.0,,1.0,,,,,,,,1.0,,,,,,,,,,,
78,Zwierze,133.0,349.0,191.0,69.0,37.0,318.0,45.0,653.0,12.0,2010.0,8586.0,157.0,14.0,,21.0,1.0,324.0,101.0,3.0,,20.0,149.0,25.0,4.0,7.0,,53.0,27.0,104.0,25.0,800.0,35.0,2.0,16.0,,2.0,297423.0,1.0,,,1.0,1.0,4.0,3.0,2.0,3.0,19.0,,1.0,,,,,,,,,11.0,,2.0,2.0,,,,,,,,,,,
79,deadguynwo,3.0,7.0,,12.0,4.0,1.0,1.0,2.0,,4.0,214.0,3.0,,,,,,,,,,2.0,,,2.0,,,,,,,,,,,,1.0,,,,,,,,,,,,,,,,,,,,,,,,,,,,,,,,,,,
80,Mavway02,26.0,74.0,2.0,,19.0,36.0,3.0,89.0,2.0,15.0,3344.0,2.0,2.0,,,,,1.0,,7.0,,,,,1.0,,,6.0,,,1.0,2.0,2.0,1.0,,,2.0,1.0,,,1.0,2.0,,5.0,,,,,,,,,,,,,2.0,,,,,,,,,,,1.0,,,,
81,Nerdseh,,5.0,,,10.0,,4.0,2.0,,6.0,1.0,,,,,,,,,,,,,,,,,7.0,,,,,,1.0,,,,,,1.0,,,,,,,,,,,,,,,,,,,,,,,47.0,,,,,,,,,
82,EnderPort,7.0,25.0,,,1.0,4.0,37.0,22.0,,12.0,1101.0,,,,,,,,,,,,,,,,,,,13.0,,,,1.0,,,,,,,,,,,,,,,,,,,,,,,,,,,,,,,,,,,,,,
83,Myracuulous,86.0,180.0,15.0,,1.0,125.0,4.0,1205.0,,334.0,45.0,313.0,10.0,,1.0,,1.0,39.0,,3.0,88.0,,,,11.0,,6.0,,,,178.0,18.0,,3.0,,1.0,,,1.0,3.0,,,,1.0,8.0,1.0,1.0,,,,,,,1.0,,,,,,,,,,,,,,,,,,
84,_sliced_bread,1.0,8.0,,,4.0,1.0,6.0,6.0,,6.0,2424.0,,,,,,,1.0,,,,,,,,,,,,,,,,,,,,,,,,,,,,,,,,,,,,,,,,,,,,,,,,,,,,,,
85,crazysloppyjoe,2.0,11.0,10.0,,,3.0,1.0,11.0,,,1844.0,,1.0,,,,,1.0,,,,,,,,,8.0,,,2.0,,,2.0,3.0,,,1.0,,,,,1.0,1.0,3.0,,,1.0,,,,,,,,,,,,,,,,,1.0,,,,,,,,
86,willmick1,202.0,1431.0,253.0,238.0,14.0,320.0,8.0,411.0,14.0,41.0,27811.0,1160.0,10.0,,8.0,,31.0,513.0,2.0,5.0,57.0,87.0,,,61.0,47.0,14.0,8.0,451.0,1.0,880.0,80.0,8.0,10.0,3.0,3.0,3029.0,3.0,,1.0,31.0,31.0,2.0,174.0,27.0,,6.0,,,5.0,3.0,,,,3.0,12.0,86.0,3.0,10.0,,1.0,,,2.0,,,9.0,,,,,
87,MaximusDesmus,6.0,42.0,,,,16.0,,71.0,,,6069.0,1.0,1.0,,,,1.0,,,,,,,,,,8.0,,,,16.0,,,,,,1.0,,,,,,,,,,1.0,,,,,,,,,,,,,,,,,,,,,,,,,
88,Dormant_Demon,17.0,45.0,74.0,51.0,7.0,29.0,18.0,140.0,18.0,14.0,8977.0,2.0,1.0,17.0,1.0,,9.0,7.0,,15.0,,1.0,,,4.0,,,,47.0,,,,,,,8.0,408.0,,,,,,,,,,,,,,,1.0,,,,,,,,,,,,,,,,,,,,
89,CarromaPt,,,,,5.0,,2.0,4.0,,1.0,,2.0,1.0,,,,,,,,,,,,,,,1.0,,,,,,,,,,,,,,,,,,,,,,,,,,,,,,,,,,,,,,,,,,,,
90,mkehoe28,1.0,2.0,,,,,6.0,5.0,,18.0,,1.0,,,,,,,,,,,,,,,,,,,,,,,,,,,,,,,,,,,,,,,,,,,,,,,,,,,,,,,,,,,,
91,xpicklemanx99,4.0,19.0,,,,8.0,,33.0,,7.0,6.0,,,,,,,19.0,,4.0,,,2.0,,,,,,,,9.0,,,1.0,,,,,,1.0,,,,,,,,,,,,,,,,,,,,,,,,,,,,,,,,
92,miekoooo,12.0,22.0,,,10.0,11.0,8.0,86.0,,5.0,,10.0,2.0,,,,,,,,,,,,1.0,,,,,,,,,,,,,,,,,,,,,,,,,,,,,,,,,,,,,,,,,,,,,,,
93,CodyF,,8.0,,,,,3.0,2.0,,3.0,,2.0,,,,,,,,,,,,,,,,,,,,,,,,,,,,,,,,,,,,,,,,,,,,,,,,,,,,,,,,,,,,
94,Ellie0473,1.0,,,,5.0,,6.0,2.0,,2.0,,2.0,,,,,,,,,,,,,,,,,,,,,,,,,,,,,,,,,,,,,,,,,,,,,,,,,,,,,,,,,,,,
95,TheLegitOne___,1.0,1.0,,,12.0,,11.0,4.0,,6.0,,9.0,,,,,,,,,,,,,,,,,,,,,,,,,,,,,,,,,,,,,,,,,,,,,,,,,,,,,,,,,,,,
96,Joshman_,2.0,10.0,,,,2.0,,14.0,,,3610.0,,,,,,,,,1.0,,,,,,,,,,,,,,,,,,,,,,1.0,,,,,,,,,,,,,,,,,,,,,,,,,,,,,,
97,JefforyKnightVA,42.0,99.0,,8.0,2.0,61.0,12.0,163.0,2.0,6.0,10253.0,12.0,1.0,2.0,1.0,1.0,3.0,2.0,,1.0,,6.0,2.0,,41.0,,6.0,21.0,,7.0,27.0,2.0,3.0,3.0,,1.0,,2.0,,,1.0,,,,,3.0,4.0,,3.0,8.0,,,,,,,,5.0,,,,,,,,,2.0,,,,,
98,DynamiteP,46.0,103.0,27.0,51.0,13.0,73.0,22.0,183.0,7.0,50.0,6019.0,18.0,1.0,,5.0,,,34.0,,,2.0,6.0,2.0,,10.0,2.0,,22.0,55.0,,4.0,197.0,,3.0,1.0,30.0,1.0,1.0,,,,3.0,,12.0,8.0,,,,,,,1.0,,,,,,,,1.0,,,,1.0,,,,,,,,
99,cokiemo,3.0,8.0,,,17.0,,15.0,14.0,,12.0,1.0,11.0,2.0,,,,,,,,,,,,,,,60.0,,,,,,,,,,,,,,,,,,,,,,,,,,,,,,,,,,,,,,,,,,,,
100,JakeTheDragon_,173.0,405.0,76.0,360.0,53.0,265.0,65.0,467.0,25.0,85.0,71085.0,40.0,12.0,,53.0,,1.0,179.0,1.0,3.0,10.0,90.0,10.0,2.0,14.0,80.0,14.0,,35.0,,2561.0,57.0,2.0,7.0,4.0,120.0,434.0,1.0,,1.0,2.0,,,143.0,5.0,,,5.0,,,,,,,,,,,,1.0,2.0,,,,,,,1.0,,,,
101,TaylorMak11,,,,,,,3.0,,,,,,,,,,,,,,,,,,,,,,,,,,,,,,,,,,,,,,,,,,,,,,,,,,,,,,,,,,,,,,,,,
102,PythonPixels,5.0,8.0,,,8.0,1.0,6.0,9.0,,8.0,,4.0,1.0,,,,,,,,,,,,,,,,,,,,,,,,,,,,,,,,,,,,,,,,,,,,,,,,,,,,,,,,,,,
103,TitanReaper_64,,,,,1.0,,1.0,,,,,2.0,,,,,,,,,,,,,,,,11.0,,,,,,,,,,,,,,,,,,,,,,,,,,,,,,,,,,,,,,,,,,,,
104,RadSadCowboi,62.0,137.0,54.0,1.0,,65.0,6.0,207.0,,10.0,6980.0,,5.0,,,,13.0,36.0,,1.0,,1.0,,,20.0,,,2.0,39.0,,29.0,,,2.0,,,,1.0,,3.0,5.0,1.0,,,1.0,,,,,,,,,,,,,,,,,,,,,,,,,,,
105,Maatricht,,1.0,,1.0,14.0,,5.0,3.0,,3.0,,3.0,,,,,,,,,,,,,,,,4.0,,,,,,,,,,,,,,,,3.0,,,,,,,,,,,,,,,,,,,,,,,,,,,,
106,BionicTulip,1.0,7.0,,,23.0,5.0,16.0,13.0,,7.0,1.0,,,,,,,,,,,,,,,,,,,,,,,,,,,,,,,,,,,,,,,,,,,,,,,,,,,,,,,,,,,,,
107,Matakiller,65.0,129.0,13.0,13.0,13.0,60.0,116.0,913.0,,147.0,8435.0,80.0,4.0,,,,,52.0,,2.0,,4.0,2.0,,7.0,1.0,26.0,8.0,1.0,14.0,64.0,33.0,5.0,5.0,1.0,,16.0,6.0,1.0,,,,,,,,3.0,,,,,,,,,1.0,,,,1.0,1.0,1.0,,,,,,,,,,
108,SpOokyBoy_Ash,62.0,358.0,,4.0,60.0,75.0,74.0,261.0,1.0,71.0,22771.0,45.0,4.0,2.0,2.0,1.0,4.0,3.0,,7.0,,1.0,8.0,,59.0,,30.0,18.0,1.0,22.0,189.0,16.0,8.0,3.0,27.0,,2.0,2.0,,1.0,,5.0,,,,,8.0,2.0,,3.0,,,1.0,,,,,,,,,,,,,,,,,,,
109,Serenqeti,,,,,12.0,,2.0,,,2.0,,7.0,,,,,,,,,,,,,,,,,,,,,,,,,,,,,,,,,,,,,,,,,,,,,,,,,,,,,,,,,,,,
110,NevQ,84.0,219.0,16.0,43.0,9.0,121.0,9.0,281.0,6.0,83.0,8750.0,111.0,7.0,3.0,7.0,,,8.0,,,,24.0,,,16.0,,23.0,,,1.0,204.0,,,9.0,,15.0,4.0,,,,,,5.0,69.0,4.0,5.0,13.0,,,,,,,,1.0,,,14.0,,,2.0,,,,,,,,,1.0,,
111,Modify1337,26.0,86.0,16.0,2.0,4.0,67.0,6.0,114.0,,7.0,10740.0,2.0,3.0,,,3.0,1.0,9.0,,,,1.0,,,37.0,,41.0,37.0,,,24.0,35.0,,2.0,1.0,,4.0,1.0,,,,,,,,,,2.0,,,,1.0,,,,,,,,1.0,,,,,,,,,,,,
112,Jennajen,2.0,17.0,,,2.0,6.0,1.0,35.0,,2.0,3.0,,2.0,,,,,,,,,,,,4.0,,,5.0,,2.0,,,,,,,,2.0,,1.0,,,,,,,,,,,,,,,,,,,,1.0,,,,,,,,,,,,
113,3ZVB,10.0,31.0,,,2.0,6.0,,133.0,,4.0,2357.0,1.0,3.0,,,,,,,,,,,,,,,4.0,,,35.0,7.0,2.0,,,,6.0,,,3.0,,,,,,,,,,,,,,,,,,,,,,,,,,,,,,,,
114,Plaic,240.0,2104.0,129.0,35.0,19.0,404.0,55.0,1196.0,5.0,329.0,14213.0,290.0,19.0,,3.0,1.0,6.0,17.0,,,44.0,17.0,8.0,5.0,68.0,,102.0,125.0,,10.0,28.0,20.0,6.0,19.0,1.0,2.0,80.0,2.0,6.0,1.0,,4.0,2.0,16.0,,3.0,12.0,4.0,5.0,9.0,,2.0,,1.0,9.0,,,,,,4.0,,,19.0,,,,,6.0,,,
115,AbdulOsam,28.0,89.0,,,73.0,41.0,11.0,141.0,,126.0,9.0,2.0,,19.0,,,,,,63.0,,,3.0,,,,,1.0,,,12.0,,,4.0,,,,,,,,,,,,,,3.0,,,,,,,,,,,,,,,,,,,,,,,,
116,Nightmar35,1.0,3.0,,,1.0,,,13.0,,,,5.0,,,,,,,,,,,,,,,,10.0,,,,1.0,,,,,,,,,,,,,,,,,,,,,,,,,,,,,,,,,,,,,,,,
117,GLackDon,73.0,200.0,24.0,9.0,55.0,162.0,56.0,459.0,4.0,88.0,37116.0,435.0,31.0,,,5.0,,17.0,,25.0,,1.0,1.0,,21.0,,19.0,22.0,,,254.0,34.0,23.0,4.0,1.0,,154.0,5.0,,4.0,,3.0,1.0,,,,2.0,3.0,9.0,,,,,,,,,,,7.0,33.0,,134.0,,,,,,1.0,,,
118,Barbacena,11.0,44.0,,1.0,34.0,16.0,17.0,115.0,,14.0,1.0,37.0,,,,,2.0,,,,,2.0,,,7.0,,,1.0,,10.0,23.0,,,1.0,,,,,,,,,,,,,,,1.0,,,,,,,,,,,,,,,,,,,,,,,
119,Tekavi,542.0,1814.0,111.0,153.0,79.0,375.0,193.0,1938.0,67.0,414.0,18223.0,401.0,151.0,,234.0,6.0,13.0,206.0,17.0,2.0,47.0,42.0,1.0,6.0,178.0,10.0,85.0,103.0,322.0,4.0,183.0,71.0,49.0,23.0,56.0,2613.0,118.0,11.0,4.0,4.0,20.0,4.0,4.0,24.0,28.0,6.0,35.0,3.0,1.0,,3.0,4.0,5.0,,,14.0,,14.0,1.0,3.0,4.0,,,1.0,,,,,1.0,,,
120,PaulFT5,3.0,4.0,,,4.0,1.0,3.0,7.0,,16.0,,6.0,2.0,,,,,,,,,,,,,,,,,,,,,1.0,,,,,,,,,,,,,,,,,,,,,,,,,,,,,,,,,,,,,,
121,Tohbeh,53.0,134.0,74.0,30.0,,80.0,,294.0,7.0,66.0,6375.0,4.0,11.0,,37.0,,7.0,1.0,,2.0,,21.0,,,8.0,,9.0,,,,108.0,6.0,,1.0,1.0,70.0,32.0,,,,,,,2.0,,,,,,,,,,,,,,,,,,,,,,,,,,,,
122,NigthmareTTV,8.0,10.0,,,,6.0,,22.0,,,541.0,,,,,,,,,,,,,,,,,,,,,,,,,,,,,,,,,,,,,,,,,,,,,,,,,,,,,,,,,,,,,
123,Nexo03,268.0,543.0,1035.0,299.0,37.0,370.0,34.0,2115.0,432.0,29.0,55046.0,40.0,23.0,,242.0,,1242.0,122.0,3.0,14.0,26.0,9.0,15.0,1.0,47.0,6.0,127.0,50.0,,,9162.0,68.0,24.0,22.0,2.0,239.0,411.0,15.0,,3.0,,2.0,9.0,41.0,,11.0,55.0,,,2.0,,22.0,,,,26.0,,11.0,,2.0,4.0,2.0,,,,,,,,,,
124,WillPlaysGame,43.0,85.0,,5.0,5.0,74.0,11.0,122.0,,7.0,7844.0,15.0,2.0,,,,,12.0,,4.0,,4.0,2.0,,,,11.0,14.0,,,14.0,81.0,1.0,1.0,,,6.0,,,,,1.0,,,,,,,,,1.0,,,,,,,,,1.0,1.0,,,,,,,,,,,
125,Ducky0134721,,,,,1.0,,4.0,2.0,,,,,,,,,,,,,,,,,,,,1.0,,,,,,,,,,,,,,,,,,,,,,,,,,,,,,,,,,,,,,,,,,,,
126,FlamingDragX,,4.0,,,2.0,1.0,2.0,3.0,,2.0,,4.0,,,,,,1.0,,1.0,,,,,2.0,,,,,,,1.0,,,,,,,,1.0,,,,,,,,,1.0,,,,,,,,,,,,,,,,,,,,,,,
127,XxZEVAxX284,,,,,1.0,,,,,,,1.0,,,,,,,,,,,,,,,,,,,,,,,,,,,,,,,,,,,,,,,,,,,,,,,,,,,,,,,,,,,,
128,TheHollowKnight5,1.0,1.0,,,,,,4.0,,1.0,,,,,,,,,,,,,,,,,,,,,,,,,,,,,,,,,,,,,,,,,,,,,,,,,,,,,,,,,,,,,,
129,LtMerlin,,,,,5.0,,,9.0,,11.0,,3.0,,,,,,,,,,,,,,,,8.0,,,,,,,,,,,,,,,,,,,,,,,,,,,,,,,,,,,,,,,,,,,,
130,eWar,5.0,12.0,,4.0,,1.0,,26.0,,,714.0,,,,,,,,,,,5.0,,1.0,,,,,,5.0,16.0,,,,,,,,,,,,,,,,,,,,,,,,,,,,,,,,,,,,,,,,,
131,DustaWolf,3.0,320.0,,,,1.0,,6.0,,,683.0,,,,,,,,,1.0,,,,,,,,,,,3.0,,,,,,,,,6.0,,,,,,,,,,,,,,,,,,,,,,,,,,,,,,,,
132,StoneyBolagna,26.0,358.0,,,32.0,7.0,9.0,112.0,,14.0,,,2.0,,,,2.0,3.0,,,,,,,4.0,,,,,20.0,,,,,,,,,,,,,,2.0,,,,,1.0,,,,,,,,,,,,,,,,,,,,,,,
133,Minorow,,,,1.0,,,,,,,1797.0,,,,,,,,,,,,,,,,,,,,,,,,,,,,,,,,,,,,,,,,,,,,,,,,,,,,,,,,,,,,,
134,Fabian__02,24.0,54.0,,,7.0,39.0,11.0,156.0,,267.0,4592.0,6.0,3.0,,,22.0,,1.0,3.0,,1.0,,1.0,30.0,1.0,,,,,,1.0,,3.0,4.0,,,2.0,1.0,,1.0,,1.0,,2.0,,,,,,2.0,,,,,,,,,,,113.0,1.0,,,,,,,,,,
135,StollBrownless,5.0,12.0,21.0,8.0,,3.0,,54.0,1.0,,1307.0,,,,,,,,,,,4.0,,,,,,,71.0,4.0,,,,,,,2.0,,,,,,,,,,,,,,,,,,,,,,,,,,,,,,,,,,,
136,Dwyer04,,1.0,,,,,,,,,,,,,,,,,,,,,,,,,,,,,,,,,,,,,,,,,,,,,,,,,,,,,,,,,,,,,,,,,,,,,,
137,Hikekomori,5.0,13.0,,,2.0,9.0,16.0,28.0,,2.0,5498.0,17.0,,,,,,,,,,,,,,,,,,4.0,3.0,,,2.0,,,,,,,,1.0,,,,,,,,,,,,,,,,,,,,,,,,,,,,,,
138,Hylianic,86.0,308.0,50.0,23.0,2.0,136.0,18.0,382.0,15.0,9.0,8956.0,57.0,6.0,10.0,10.0,6.0,6.0,45.0,3.0,8.0,14.0,1.0,6.0,3.0,14.0,5.0,4.0,12.0,225.0,33.0,90.0,167.0,4.0,7.0,4.0,172.0,115492.0,1.0,,24.0,,,,29.0,,,,,,,7.0,,2.0,,,18.0,,,,,1.0,,,,,,,,,,,
139,snowflakexo,,,,,,,3.0,,,1.0,,,,,,,,,,,,,,,,,,,,,,,,,,,,,,,,,,,,,,,,,,,,,,,,,,,,,,,,,,,,,,
140,nnint,19.0,45.0,,,,19.0,7.0,86.0,,25.0,2.0,8.0,2.0,,,,,3.0,,2.0,,,,,17.0,,,,,,,,,1.0,,,,,,4.0,,,,,,,,1.0,,,,,,,,,,,,,,,,,,,,,,,,
141,Envvi,41.0,150.0,12.0,6.0,23.0,54.0,25.0,178.0,1.0,35.0,5425.0,28.0,3.0,,15.0,,,,,2.0,,6.0,,,1.0,,2.0,4.0,,3.0,17.0,4.0,,,,2.0,3.0,,,2.0,,,,,,,,,,,2.0,,,,,,,,,1.0,,,,,,,,,,,,
142,GiantHoboSquid,209.0,590.0,242.0,86.0,33.0,383.0,35.0,1277.0,18.0,29.0,8559.0,83.0,24.0,121.0,152.0,5.0,11.0,290.0,3.0,17.0,36.0,15.0,1.0,7.0,37.0,16.0,1193.0,85.0,,,39.0,74.0,2.0,158.0,3.0,144.0,45.0,1.0,21.0,1.0,16.0,1.0,143.0,,2.0,103.0,518.0,,74.0,1.0,,8.0,,,,,,263.0,,,1.0,,,12.0,,,,2.0,2.0,,,
143,konisv,1.0,,,,2.0,,1.0,2.0,,,1.0,,,,,,,,,,,,,,,,,,,,,,,,,,,,,,,,,,,,,,,,,,,,,,,,,,,,,,,,,,,,,
144,Conman0071,,4.0,,,,2.0,,4.0,,,,1.0,,,,,,,,,,,,,,,,14.0,,,,,,,,,,,,,,,,,,,,,,,,,,,,,,,,,,,,,,,,,,,,
145,AlwaysAlec,24.0,35.0,16.0,8.0,19.0,11.0,26.0,117.0,,22.0,6.0,3.0,4.0,,,5.0,,2.0,,,,7.0,10.0,4.0,12.0,,16.0,10.0,,,,,14.0,2.0,,,,5.0,,2.0,3.0,,,1.0,6.0,1.0,7.0,1.0,,,,,,,1.0,,,,,,16.0,1.0,,,,,,,,,,
146,SquiggsMcDolphin,5.0,15.0,,,31.0,5.0,,19.0,,30.0,,,,,,,,,,,,,,,,,,,,,1.0,,,,,,,1.0,,,,,,,2.0,,,,,,,,,,,,,,,,,,,,,,,,,,,
147,AmbroseForLife,1.0,,,,,,,1.0,,,,,,,,,,,,,,,,,,,,,,,,,,,,,,,,,,,,,,,,,,,,,,,,,,,,,,,,,,,,,,,,
148,martinofthedale,4.0,11.0,,1.0,2.0,5.0,12.0,17.0,,3.0,334.0,1.0,,,4.0,,,1.0,,,,,,,1.0,,,11.0,,,,,,,,,,,,,,,,,,,,2.0,,,,,,,,2.0,,,,,,,,,,,,,,,,
149,vFar,16.0,45.0,3.0,29.0,12.0,33.0,7.0,68.0,2.0,3.0,7217.0,,,,38.0,,1.0,70.0,24.0,,28.0,9.0,,,4.0,,,,138.0,,75.0,,,3.0,6.0,347.0,19.0,,,,,5.0,,2.0,,,,,,,,,,,,,,,,,,,,,,,,,,,,
150,Ducky_1246,3.0,1.0,,2.0,5.0,2.0,7.0,20.0,,8.0,3110.0,3.0,1.0,,,,,,,,,,1.0,,,,1.0,3.0,,,,,,,,,2.0,,2.0,,9.0,,,,10.0,,,,,,,,,,,,9.0,,,1.0,1.0,,,,,,,,,,,
151,Engine_GG,48.0,111.0,21.0,13.0,9.0,74.0,5.0,205.0,,4.0,3304.0,3.0,4.0,,16.0,,1.0,3.0,,,,1.0,,16.0,4.0,,,20.0,,4.0,16.0,10.0,2.0,1.0,,5.0,,2.0,,,,,,,,,,,,,,,,,,,,,,,1.0,,,,,,,,,,,
152,someonesawks,,,,,,,,2.0,,,,,,,,,,,,,,,,,,,,,,,,,,,,,,,,,,,,,,,,,,,,,,,,,,,,,,,,,,,,,,,,
153,WoodyWoodDeejer,106.0,462.0,92.0,74.0,9.0,312.0,190.0,904.0,23.0,139.0,58.0,57.0,69.0,,82.0,33.0,47.0,60.0,,,,57.0,1.0,,6.0,19.0,80.0,122.0,301.0,2.0,857.0,221.0,1.0,18.0,17.0,1118.0,6206.0,2.0,6.0,23.0,106.0,,6.0,1.0,30.0,7.0,20.0,4.0,2.0,,2.0,,,1.0,1.0,,184.0,5.0,40.0,,2.0,,1.0,1.0,,,18.0,,,,,
154,LegallyGood,7.0,8.0,,,3.0,4.0,3.0,27.0,,5.0,1.0,3.0,2.0,,,,,,,,,1.0,,,,,,,,,,,,,,,,,,,,,,,,,,,,,,,,,,,,,,,,,,,,,,,,,,
155,TheFreeLlama,2.0,5.0,,,,4.0,3.0,19.0,,,,,,,,,,,,,,,,,,,,,,,,,,,,,,,,,,,,,,,,,,,,,,,,,,,,,,,,,,,,,,,,
156,rangoh,216.0,23.0,,1.0,5.0,10.0,5.0,28.0,,18.0,,2.0,1.0,,5.0,,,1.0,,,,,,,,,144.0,,,,,,,14.0,,,,,,,,,13.0,,,,53.0,,,,,,,,,,,,,,8.0,,,,,,,,,,,
157,Ryhime,4.0,16.0,,,,3.0,3.0,15.0,,,,,1.0,,,,1022.0,,,,,,,,,,,,,,,,,,,,,,,,,,,,,,,,,,,,,,,,,,,,,,,,,,,,,,,
158,Eris_Live,8.0,21.0,,3.0,22.0,15.0,25.0,47.0,1.0,14.0,3001.0,3.0,,,,,2.0,9.0,,,,,,,,,,1.0,,,3.0,,1.0,,,97.0,,1.0,,,,,,,1.0,,,,,1.0,3.0,,,,,,1.0,,1.0,1.0,,,,,,,,,,,,
159,nocobot978,3.0,34.0,,5.0,4.0,24.0,8.0,57.0,,21.0,822.0,4.0,2.0,,,,,10.0,,,,1.0,4.0,,3.0,,,62.0,16.0,,,11.0,,2.0,,,3.0,,,,,,,,3.0,,,,,,,,,,,,,,,,,,,,,,,,,,,
160,munewell,31.0,49.0,5.0,16.0,22.0,40.0,8.0,171.0,4.0,37.0,4597.0,3.0,1.0,,,,1.0,1.0,,,,1.0,1.0,3.0,10.0,6.0,,,,,,1.0,,,,,,,2.0,1.0,,,,,1.0,,,,2.0,,,,,,,,,,,,,,,1.0,,,,,,,,
161,MCFulcrum,1.0,3.0,,,,2.0,,6.0,,,,7.0,,,,,,,,,,,,,,,,1.0,,,,,,,,,,,,,,,,,,,,,,,,,,,,,,,,,,,,,,,,,,,,
162,Starhauntu,3.0,12.0,,,7.0,2.0,17.0,18.0,,7.0,,30.0,3.0,,,,,,,,,,,,,,,,,,,,,,,,,,,,,,,,,,,1.0,,,,,,,,,,,,,,,,,,,,,,,,
163,Coziegoldfish728,1.0,16.0,,1.0,1.0,,,17.0,,,1813.0,,1.0,,,,,,,,,1.0,,,,,,,3.0,1.0,1.0,,,,,,,,,,,,,,,,,,,,,,,,,,,,,,,,,,,,,,,,,
164,Mordem,5.0,43.0,,,9.0,18.0,25.0,669.0,,25.0,1.0,3.0,2.0,,,,,2.0,,1.0,,,,,,,,9.0,,,397.0,6.0,2.0,1.0,,,,1.0,,2.0,,,,,,,,,,,,,,,1.0,,,,,,,,,,,,,,,,,
165,Lebanon,,1.0,,,7.0,,3.0,,,22.0,,6.0,,,,,,,,,,,,,,,,,,,,,,,,,,,,,,,,,,,,,,,,,,,,,,,,,,,,,,,,,,,,
166,arnban,66.0,193.0,1.0,8.0,8.0,128.0,4.0,645.0,7.0,6.0,15915.0,11.0,62.0,,61.0,,38.0,15.0,1.0,,19.0,1.0,,2.0,7.0,,212.0,1.0,49.0,,73.0,2.0,,43.0,,152.0,43.0,,,4.0,,2.0,28.0,4.0,,2.0,120.0,,,,,,,,,,2.0,,2.0,,39.0,,,,,,,,,,,
167,FlamingoB,19.0,48.0,,20.0,9.0,19.0,5.0,107.0,7.0,13.0,4987.0,4.0,1.0,,15.0,,,1.0,,,,5.0,,,7.0,,1.0,,170.0,15.0,,13.0,,,3.0,59.0,53.0,,,,,,,,,,,,,,,,,,,,,,,,,,,,,,,,,,,
168,Setoply,,1.0,,,,,,1.0,,,,,,,,,,,,,,,,,,,,,,,,,,,,,,,,,,,,,,,,,,,,,,,,,,,,,,,,,,,,,,,,
169,Shadovx,2.0,,,,,,,5.0,,,,,,,,,,,,,,,,,,,,,,,,,,,,,,,,,,,,,,,,,,,,,,,,,,,,,,,,,,,,,,,,
170,taxfrqud,1.0,7.0,,,,7.0,4.0,34.0,,,,1.0,,,,,,,,,,2.0,,,,,,22.0,,2.0,,,,1.0,,,,,,,,,,,,,,,,,,,,,,,,,,,,,,,,,,,,,,
171,Gwiff,,,,,,,1.0,,,,,,,,,,,,,,,,,,,,,,,,,,,,,,,,,,,,,,,,,,,,,,,,,,,,,,,,,,,,,,,,,
172,ShpookE,26.0,103.0,,,19.0,49.0,7.0,185.0,,99.0,4855.0,4.0,6.0,2.0,,,1.0,,,3.0,,,,,2.0,,,,,58.0,26.0,2.0,2.0,1.0,,,2.0,1.0,1.0,3.0,,1.0,,,,,,,,,,,,,,,,,,,,,,,,,,,,,,
173,lucky_kitty,1.0,1.0,,,4.0,2.0,3.0,1.0,,5.0,,7.0,,,,,,,,,,,,,,,,,,,,1.0,,,,,,,,,,,,,,,,,,,,,,,,,,,,,,,,,,,,,,,,
174,FerJekeey,2.0,1.0,,,8.0,1.0,7.0,3.0,,6.0,,,,,,,,,,,,,,,,,,1.0,,,,,,,,,,,,,,,,,,,,,,,,,,,,,,,,,,,,,,,,,,,,
175,Blue_Wolf12,9.0,13.0,,,2.0,1.0,10.0,67.0,,20.0,4439.0,5.0,,,,,3.0,3.0,,2.0,,,1.0,,4.0,,2.0,5.0,,,,4.0,2.0,,,,8.0,1.0,,,,1.0,,,,,,,,,,,,,,,,,,2.0,,,,1.0,,,,,,,,
176,c203,,,,,,,,,,,,,,,,,,,,,,,,,,,,,,,,,,,,,,,,,,1.0,,,,,,,,,,,,,,,,,,,,,,,,,,,,,,
177,The_Tzu,35.0,167.0,38.0,38.0,11.0,120.0,7.0,275.0,16.0,15.0,13638.0,17.0,10.0,3.0,7.0,,,51.0,,18.0,,10.0,7.0,3.0,24.0,9.0,467.0,30.0,167.0,,27.0,11.0,2.0,62.0,1.0,14.0,72.0,1.0,6.0,6.0,,,42.0,,1.0,6.0,185.0,1.0,10.0,1.0,2.0,1.0,,,5.0,7.0,30.0,,3.0,,104.0,,,,,,,,,,,
178,CalTexx,1.0,3.0,,,,,3.0,11.0,,1.0,,10.0,,,,,,,,,,,,,,,,,,,,,,,,,,,,,,,,,,,,,,,,,,,,,,,,,,,,,,,,,,,,
179,KoobyRoory,1.0,3.0,,,,3.0,,8.0,,,,,,,,,,,,,,,,,,,,6.0,,,,,,,,,,,,,,,,,,,,,,,,,,,,,,,,,,,,,,,,,,,,
180,sfpt,9.0,27.0,,,,10.0,1.0,72.0,,1.0,,,1.0,,,,,1.0,,,1.0,,,,4.0,,,,,,2.0,,,,,,1.0,,,,,,,,,,,,,,,,,,,1.0,,,,,,,,,,,,,,,,
181,LizzieLocks,1.0,,,,,,,1.0,,,1644.0,,,,,,,,,,,,,,1.0,,,,,,,,2.0,,,,,1.0,,,,,,,,,,,,,,,,,,,,,,,,,,,,,,,,,,
182,mrcyborgsquid,27.0,90.0,178.0,3.0,5.0,61.0,4.0,154.0,2.0,9.0,5854.0,5.0,4.0,1.0,37.0,,6.0,1.0,,1.0,,8.0,1.0,,10.0,,,,,,,1.0,1.0,3.0,,,,,,3.0,,,,,,,,,,,,,,,,,,,,,,,,,,,,,,,,
183,HiIGuess,102.0,96.0,,2.0,16.0,87.0,18.0,374.0,1.0,45.0,3276.0,19.0,4.0,,,2.0,,4.0,,,,,1.0,2.0,7.0,,11.0,17.0,4.0,,,4.0,3.0,3.0,,,29.0,1.0,,,,,1.0,13.0,1.0,2.0,4.0,,1.0,,,,,,,,,5.0,,1.0,,,,,,,,,,,,
184,Shanki_kun,,1.0,,,,,,,,3.0,,1.0,,,,3.0,,,,,,,,5.0,,,,,,,,,,,,,,,,,,,,,,,,,,,,,,,,,,,,,,,,,,,,,,,,
185,blond996,,,,,1.0,,1.0,,,1.0,,,,,,,,,,,,,,,,,,,,,,,,,,,,,,,,,,,,,,,,,,,,,,,,,,,,,,,,,,,,,,
186,opp31337,1.0,,,,,,,,,,,,,,,,,,,,,,,,,,,,,,,,,,,,,,,,,,,,,,,,,,,,,,,,,,,,,,,,,,,,,,,
187,fracturedfiree,3.0,5.0,,,,1.0,7.0,10.0,,,,1.0,,,,,,2.0,,,,,,,,,,,,,,,,,,,,,,,,,,,,,,,,,,,,,,,,,,,,,,,,,,,,,,
188,ImJustB0nk,4.0,3.0,,,4.0,3.0,8.0,9.0,,,3.0,,,,,,,,,,,1.0,,,1.0,,1.0,,,,,1.0,,2.0,,,,1.0,,,,,1.0,,,,4.0,,,,,,,,,,,2.0,,,1.0,,,,,,,,,,,
189,Rich_U2,1.0,3.0,,1.0,5.0,2.0,4.0,152.0,1.0,1.0,1.0,2038.0,,,,,,170154.0,,,,,,,1.0,,621878.0,,4.0,,16.0,,,119356.0,,,612650.0,,,,,,80781.0,,,,415366.0,,,,2.0,,,,,,,6.0,,,,,,,,,,,,,,
190,AlchemiDae,1.0,2.0,,,7.0,,5.0,4.0,,4.0,,,,,,,,,,,,,,,,,,,,,,,,,,,,,,,,,,,,,,,,,,,,,,,,,,,,,,,,,,,,,,
191,Lantias,32.0,55.0,,1.0,4.0,29.0,10.0,187.0,,1.0,7698.0,4.0,,,,,2.0,3.0,,3.0,,,,1.0,,,,3.0,,,170.0,27.0,7.0,,,,,3.0,,,,,,,,,,,,,,,,,,,,,,2.0,4.0,,,,,,,,,,,
192,Kelone,,,,,7.0,,4.0,1.0,,1.0,,4.0,,,,,,,,,,,,,,,,15.0,,,,,,,,,,,,,,,,,,,,,,,,,,,,,,,,,,,,,,,,,,,,
193,akshay69,1.0,,,,,,1.0,4.0,,,,1.0,,,,1.0,,,,,,,,2.0,,,,,,,,,,,,,,,,,,,,,,,,,,,,,,,,,,,,,,,,,,,,,,,,
194,Totty3,,,,,,,,1.0,,,,,,,,,,,,,,,,,,,,,,,,,,,,,,,,,,,,,,,,,,,,,,,,,,,,,,,,,,,,,,,,
195,WildAcid5494,1.0,3.0,,,7.0,,3.0,5.0,,,,3.0,,,,,,,,,,,,,,,,,,,,,,,,,,,,,,,,,,,,,1.0,,,,,,,,,,,,,,,,,,,,,,,
196,Cuddlyjelly,,,,,28.0,,15.0,,,65.0,,4.0,,,,,,,,,,,,1.0,,,,,,,,,,,,,,,,,,,,,,,,4.0,,,,,,,1.0,,,,,,,,,,,,,,,,,
197,Monsieur_Walruss,,,,,,,3.0,,,,,,,,,,,,,,,,,,,,,,,,,,,,,,,,,,,,,1.0,,,,,,,,,,,,,,,,,,,,,,,,,,,,
198,Bazo_05,546.0,53.0,68.0,145.0,18.0,26.0,6.0,103.0,13.0,26.0,5406.0,10.0,3.0,,,,,23.0,,,,113.0,,,8.0,,,1.0,24.0,,25.0,77.0,7.0,,4.0,203.0,,4.0,,,,1.0,,2.0,,,,,1.0,,,,,,,,,,,,,,,,,,,,,,,
199,NoMercy00,8.0,3.0,6.0,1.0,4.0,,3.0,23.0,,5.0,3.0,1.0,,,,,,2.0,,,,4.0,4.0,,,,,,,,,,,,,,7.0,,,,,,,,,,,,,,,,,,,,,,,,,,,,,,,,,,,
200,Kablaouye,55.0,182.0,56.0,29.0,9.0,66.0,18.0,392.0,4.0,2.0,8374.0,5.0,4.0,51.0,1.0,1.0,2.0,203.0,,54.0,,4.0,,1.0,94.0,7.0,2.0,27.0,,,40.0,40.0,2.0,2.0,,2.0,16.0,,1.0,4.0,17.0,3.0,,12.0,,,,,,,10.0,,,,,,1.0,,1.0,,2.0,,138.0,,,,,,,,,
201,snippings,,,,1.0,1.0,,4.0,5.0,,2.0,491.0,9.0,,,,,,,,,,,,,5.0,,,11.0,,,,,,,,,,,,,,,,,,,,,,,,,,,,,,,,,,,,,,,,,,,,
202,Luci_Lionheart,2.0,5.0,,,26.0,7.0,2.0,4.0,,42.0,,378.0,,,,,,,,,,,,,,,1.0,10.0,,,,2.0,,,,,2.0,1.0,,3.0,,,,,,,,,,,,,,,,,,,,,,,,,,,,,,,,
203,_Arachni_,47.0,1146.0,257.0,73.0,13.0,581.0,326.0,771.0,33.0,325.0,8399.0,1498.0,14.0,,149.0,1.0,3.0,66.0,,4.0,1.0,33.0,,9.0,8.0,,134.0,1550.0,2.0,7.0,17.0,69.0,9.0,23.0,,50.0,343.0,3.0,,,7.0,4.0,4.0,5.0,15.0,5.0,25.0,5.0,7.0,2.0,5.0,,1.0,,,8.0,2.0,5.0,,6.0,,,1.0,1.0,,,,,,,,
204,DashonXbox,15.0,43.0,,,1.0,43.0,1.0,108.0,,103.0,5573.0,1.0,7.0,,,,,,,,,,1.0,,12.0,,8.0,,,30.0,14.0,7.0,,2.0,,,,,,,,,,,,,,,,,,,,,,,,,,,,,,,,,,,,,,
205,Bellatorr,1.0,2.0,,,4.0,1.0,4.0,6.0,,1.0,,1.0,,,,,,,,,,,,,,,,4.0,,3.0,,,,,,,,,,,,,,,,,,,,,,,,,,,,,,,,,,,,,,,,,,
206,HelloImSteven,7.0,42.0,,5.0,,20.0,,100.0,,,963.0,,1.0,,,,4.0,,,,,2.0,,,10.0,,,,,7.0,,1.0,,,,,,,,,,,,,,,,,,,,,,,,,,,,,,,,,,,,,,,,
207,Brobdingnagian,38.0,77.0,19.0,55.0,5.0,56.0,16.0,273.0,13.0,22.0,13176.0,5.0,10.0,,3.0,,,1.0,,,,30.0,1.0,6.0,,,4.0,,,,31.0,4.0,,2.0,19.0,1056.0,13.0,,,,,,,,,,8.0,,,1.0,,,,,,,,,,,3.0,,,,,,,,,,,
208,M4Mancy,,,,,,,,,,,21.0,,,,,,,,,,,,,,,,,,,,,,,,,,,,,,,,,,,,,,,,,,,,,,,,,,,,,,,,,,,,,
209,bokoedro,,1.0,,3.0,5.0,1.0,7.0,1.0,1.0,2.0,234.0,,,,,,,,,,,,,,,,,,29.0,,,,,,,,,,,,,,,,,,,,,,,,,,,,,,,,,,,,,,,,,,,
210,Zoramy,6.0,27.0,,,,7.0,12.0,46.0,2.0,11.0,4141.0,4.0,2.0,,,,,,,1.0,,,2.0,6.0,,,,6.0,,,,2.0,,1.0,,,,,,2.0,,,,,1.0,,,,,,,,,,,1.0,,,,,3.0,,,,,,,,,,,
211,KingDyte,51.0,172.0,,9.0,14.0,100.0,32.0,285.0,,10.0,20368.0,28.0,6.0,,,27.0,,13.0,,,,22.0,1.0,1.0,22.0,,34.0,79.0,727.0,3.0,82.0,142.0,11.0,21.0,,,969.0,4.0,,,1.0,2.0,3.0,3.0,2.0,3.0,14.0,,,,,,,,,,,9.0,1.0,,4.0,,,7.0,,,,,,,,
212,KrunkJunks,,5.0,,,,,4.0,9.0,,1.0,1.0,2.0,,,,,,,,,,,,,,,,6.0,,,,2.0,,,,,,,,,,,,,,,,,,,,,,,,,,,,,,,,,,,,,,,,
213,MiniMichiii,86.0,197.0,50.0,59.0,22.0,197.0,21.0,462.0,8.0,17.0,25826.0,9.0,10.0,2.0,25.0,,14.0,15.0,,13.0,,27.0,1.0,,50.0,,10.0,,1476.0,,46.0,30.0,3.0,9.0,,16.0,10.0,1.0,16.0,,,3.0,1.0,1.0,1.0,1.0,4.0,,,,4.0,1.0,190.0,,1.0,,,1.0,,3.0,4.0,,,1.0,,,,,,,,
214,darkfire247g,8.0,7.0,,,6.0,7.0,5.0,14.0,,8.0,1.0,6.0,,,,,,1.0,,,,,3.0,,,,,11.0,,,,,,,,,,,,,,,,,,,,,,,,,,,,,,,,,,,,,,,,,,,,
215,portiarulz,,1.0,,,,,,6.0,,,,,,,,,,,,,,,,,,,,,,,,,,,,,,,,,,,,,,,,,,,,,,,,,,,,,,,,,,,,,,,,
216,TheRealOne23765,92.0,124.0,145.0,174.0,32.0,102.0,61.0,228.0,20.0,100.0,6945.0,23.0,4.0,,287.0,1.0,12.0,79.0,,,8.0,62.0,1.0,2.0,47.0,7.0,20.0,21.0,107.0,6.0,9.0,9.0,1.0,3.0,2.0,412.0,4.0,,,,,1.0,,,13.0,,,,4.0,,,,,,1.0,,,,,,,,,,,,,,,,,
217,Aquatic_Phantasm,1.0,980.0,,,,3.0,,7.0,,,1086.0,,1.0,,,,,1.0,,,,,,,,,,,,,14.0,,,,,,,,,,,,,,,,,,,,,,,,,,,,,,,,,,,,,,,,,
218,scoot1506,1.0,1.0,,,5.0,,9.0,2.0,,8.0,,4.0,,,,,,3.0,,,,,1.0,,,,,1.0,,,,,,,,,,,,,,,,,,,,,,,,,,,,,,,,,,,,,,,,,,,,
219,Hardy26,476.0,569.0,12.0,121.0,28.0,594.0,22.0,1185.0,22.0,60.0,5449.0,100.0,37.0,6.0,58.0,17.0,,357.0,,3.0,,48.0,5.0,51.0,98.0,1.0,6154.0,51.0,,,237.0,35.0,8.0,1555.0,22.0,2196.0,2140.0,3.0,,2.0,4.0,3.0,1069.0,11.0,,9.0,4986.0,,,1.0,15.0,,,,,4.0,,53.0,1.0,4.0,79.0,1.0,,,,,2.0,,,,,
220,JHH2017,4.0,2.0,,,2.0,2.0,2.0,13.0,,,,,,,,,,1.0,,,,,,,,,,7.0,,,,,,,,,1.0,,,1.0,,,,,,,,,,,,,,,,,,,,,,,,,,,,,,,,
221,Florianm23,211.0,1374.0,160.0,156.0,119.0,288.0,250.0,1258.0,38.0,268.0,9690.0,122.0,13.0,,103.0,22.0,1.0,658.0,1.0,,23.0,59.0,4.0,58.0,102.0,20.0,15.0,178.0,556.0,5.0,402.0,97.0,13.0,12.0,13.0,1092.0,36.0,2.0,1.0,,3.0,2.0,,17.0,7.0,1.0,2.0,6.0,2.0,,,1.0,,2.0,1.0,1.0,2.0,1.0,1.0,,28.0,,4.0,1.0,1.0,,,,,,,
222,PunnyFox,9.0,33.0,,,6.0,2.0,76.0,43.0,,157.0,558.0,5.0,,,,,1.0,1.0,,1.0,,,,,6.0,,4.0,62.0,,,13.0,6.0,,,,,1.0,,,,,,,,,,,,1.0,,,,,,,,,,,,,,,,,,,,,,,
223,miner47000,17.0,28.0,,,3.0,29.0,8.0,69.0,,4.0,1441.0,1.0,1.0,,,,1.0,,,1.0,,,,,,,,,,,78.0,,,,,,1.0,,,1.0,,,,,,,,,,,,,,,,,,,,,,,,,,,,,,,,
224,CatGosCrazy,67.0,214.0,15.0,5.0,15.0,151.0,13.0,374.0,12.0,20.0,7458.0,40.0,6.0,,47.0,3.0,6.0,103.0,3.0,4.0,8.0,,8.0,2.0,29.0,,18.0,88.0,20.0,27.0,19.0,123.0,3.0,11.0,,46.0,21.0,1.0,,1.0,9.0,5.0,1.0,,,,2.0,4.0,,2.0,14.0,1.0,,,2.0,1.0,7.0,,6.0,,,1.0,,,,,1.0,,,,,
225,MockingJayee,1.0,4.0,,,,2.0,1.0,3.0,,,,,,,,,,,,,,,,,,,,,,,,,,,,,,,,,,,,,,,,,,,,,,,,,,,,,,,,,,,,,,,,
226,MarioKing64,85.0,205.0,,,13.0,139.0,10.0,336.0,1.0,84.0,11902.0,20.0,9.0,1.0,,,3.0,12.0,,2.0,,2.0,1.0,,39.0,3.0,13.0,,,22.0,157.0,3.0,8.0,7.0,63.0,,28.0,3.0,,3.0,,,1.0,26.0,,,4.0,1.0,,,,,,,,,5.0,8.0,,,,,,,,,,,,,,
227,AliShaa2277,,,,,,,3.0,,,,,1.0,,,,,,,,,,,,,,,,,,,,,,,,,,,,,,,,,,,,,,,,,,,,,,,,,,,,,,,,,,,,
228,SoulYetti,,,,,,,,1.0,,,,,,,,,,,,,,,,,,,,,,,,,,,,,,,,,,,,,,,,,,,,,,,,,,,,,,,,,,,,,,,,
229,firefly_o3,2.0,10.0,6.0,,,2.0,,14.0,1.0,,5197.0,1.0,,,,,,,,,,,,,,,,,,,209.0,,,,,,1.0,,,1.0,,1.0,,,,,,,,,,,,,,3.0,,,,,,,,,,,,,,,,
230,Blaz0,8.0,14.0,,,,3.0,1.0,32.0,,3.0,713.0,44.0,,,,,,,,,,,,,,,1.0,,,,,,,,,,,,,,,,,,,,,,,,,,,,,,,,,,,,,,,,,,,,,
231,tommytith,18.0,28.0,5.0,5.0,6.0,10.0,56.0,146.0,,64.0,1661.0,4.0,2.0,,,,,1.0,,,,5.0,,5.0,11.0,,,1.0,16.0,,9.0,8.0,,,,,,,,1.0,,,,,,,,,,,1.0,,,,4.0,,,,,,2.0,,,,,,,,,,,
232,BlueRiderG,,,,,13.0,,10.0,,,6.0,,,,,,,,,,,,,,,,,,,,,,,,,,,,,,,,,,,,,,,,,,,,,,,,,,,,,,,,,,,,,,
233,helvec,1.0,1.0,,,,2.0,,7.0,,28.0,,1.0,,,,,,,,,,,,,1.0,,,30.0,,,,,,,,,,,,,,,,,,,,,,,3.0,,,,,,,,,,,,,,,,,,,,,
234,Dragon12741,2.0,3.0,,,6.0,3.0,2.0,14.0,,2.0,,1.0,1.0,,,,,,,,,,,,,,,,,,,,,,,,,,,,,,,,,,,,,,,,,,,,,,,,,,,,,,,,,,,
235,BagelsOverBread,,8.0,,,8.0,3.0,1.0,3.0,,9.0,,3.0,,,,,,,,,,,,,,,,,,,,,,,,,,,,,,,,,,,,,,,,,,,,,,,,,,,,,,,,,,,,
236,SamTheSam,4.0,8.0,,,1.0,2.0,4.0,21.0,,5.0,1.0,1.0,,,,,,,,,,,,,,,,,,11.0,38.0,13.0,,,,,,,,,,1.0,,1.0,,,,,,,,,,,,,,,,2.0,,,,,,,,,,,,
237,joshaneter2,41.0,64.0,,,25.0,32.0,5.0,165.0,,22.0,1309.0,3.0,4.0,,,,,3.0,,,,,,,6.0,,,,,,13.0,1.0,1.0,,,,3.0,,,,,,,,,,,,,,,,,,,,,,,,,,,,,,,,,,,
238,StruckV1,12.0,16.0,,2.0,1.0,9.0,9.0,57.0,,,1969.0,15.0,1.0,,,,1.0,,,,,,,,,,1.0,,,,,,2.0,1.0,,,1.0,1.0,,,,,,,,,,,,,,,,,,,,,,,1.0,,,,,,,,,,,
239,ItsHugo885,4.0,20.0,,,2.0,3.0,4.0,49.0,,,4953.0,4.0,1.0,,,,,,,,,1.0,,,2.0,,,,,,32.0,1.0,2.0,,12.0,543.0,1.0,,,,,2.0,,2.0,,,,,,1.0,,,,,,,,,,,,,,,,,,,,,,
240,_Cloudish,3.0,7.0,,,,3.0,2.0,8.0,,,1.0,5.0,,,,,,1.0,,,,,,,,,,1.0,,,,7.0,,,,,,,,,,,,,,,,,,,,,,,,,,,,,,,,,,,,,,,,
241,MCKrissy,3.0,6.0,,1.0,14.0,,33.0,25.0,,14.0,,37.0,,,,,,1.0,,,,,,,,,,4.0,,,,,,,,,,,,,17.0,,,,,,,,,,,,,,,,,,,,,,,,,,,,,,,
242,Takkuri,,,,,,3.0,,,,,282.0,,,,,,,,,,,,,,,,,,,,,,,,,,,,,,,1.0,,,,,,,,,2.0,,,,,,,,,,,,,,,,,,,,,
243,ronDuma,6.0,49.0,,,1.0,34.0,,90.0,,253.0,1739.0,5.0,,1.0,,,,,,1.0,,,,,,,,,,,16.0,4.0,,,,,,,,2.0,,,,,,,,,,,,,,,,,,,,,,,,,,,,,,,,
244,TheBlessedTomato,117.0,353.0,45.0,20.0,46.0,136.0,47.0,649.0,39.0,28.0,6688.0,52.0,5.0,4.0,67.0,,7.0,108.0,9.0,11.0,31.0,8.0,5.0,,66.0,3.0,51.0,32.0,104.0,1.0,153.0,20.0,,15.0,3.0,272.0,82.0,,1.0,34.0,3.0,,4.0,11.0,,6.0,20.0,2.0,,1.0,,,,,,,,9.0,1.0,8.0,,,1.0,,,,,,,,,
245,DragooCraft,,,,,,,2.0,1.0,,3.0,,1.0,,,,,,,,,,,,,,,,,,,,,,,,,,,,,,,,,,,,,1.0,,,,,,,,,,,,,,,,,,,,,,,
246,Bortopian,3.0,2.0,,,,1.0,,,,,,,,,,,,,,,,,,,,,,,,,,,,,,,,,,,,,,9.0,,,,,,,,,,,,,,,,,,,,,,,,,,,,
247,Avoicc,,,,,3.0,,,,,1.0,1.0,2.0,,,,,,,,,,,,,,,,,,,,,,,,,,,,,,,,,,,,,,,,,,,,,,,,,,,,,,,,,,,,
248,Stulm_,29.0,56.0,13.0,8.0,4.0,38.0,12.0,171.0,1.0,8.0,5863.0,47.0,1.0,,,,3.0,3.0,,,,11.0,,1.0,,,,1.0,26.0,,8.0,12.0,2.0,2.0,2.0,246.0,,3.0,,,,,,4.0,,,,,,,,,,,,,,,,,1.0,,,,,,,,,,,
249,iicypisces,,,,,,1.0,,6.0,,,,,,,,,,,,,,,,,,,,,,,,3.0,,,,,,1.0,,,,,,,,,,,,,,,,,,,,,,,,,,,,,,,,,,
250,baesna,2.0,,,,,1.0,,2.0,,,,,,,,,,,,,,,,,,,,,,,,,,,,,,,,,,,,,,,,,,,,,,,,,,,,,,,,,,,,,,,,
251,Pilotscreen,2.0,8.0,,,7.0,9.0,4.0,8.0,,6.0,1.0,4.0,,1.0,,,,2.0,,1.0,,,,,,,,1.0,,,,,,,,,,,,,,,,,,,,,,,,,,,,,,,,,,,,,,,,,,,,
252,Illegalizing,,,,,1.0,,1.0,1.0,,,,1.0,,,,,,,,,,,,,,,,,,,,,,,,,,,,,,,,,,,,,,,,,,,,,,,,,,,,,,,,,,,,
253,Benguinn,,,,,,2.0,,3.0,,,,,,,,,,,,,,,,,,,,,,,,,,,,,,,,,,,,,,,,,,,,,,,,,,,,,,,,,,,,,,,,
254,3Y3l3SS,1.0,1.0,,,1.0,,1.0,3.0,,,,,,,,,,,,,,,,,,,,26.0,,,,,,,,,,,,,,,,,,,,,,,,,,,,,,,,,,,,,,,,,,,,
255,Visgay22,,,,,,,,10.0,,,,,1.0,,,,,,,,,,,,,,,,,,,,,,,,,,,,,,,,,,,,,,,,,,,,,,,,,,,,,,,,,,,
256,VariantKim,2.0,6.0,,,15.0,,6.0,10.0,,41.0,,1.0,,,,,,,,,,,,,,,,,,,,,,,,,,,,,,,,,,,,,,,,,,,,,,,,,,,,,,,,,,,,
257,Nierro,9.0,16.0,,1.0,1.0,6.0,,9.0,1.0,9.0,2.0,4.0,,,,,,,,,,,,,,,,,,,,,,1.0,,,,,,,,,,,,,,,,,,,,,,,,,,,,,,,,,,,,,,
258,Dirt_Cheap_Duke,5.0,6.0,,,4.0,1.0,13.0,16.0,,2.0,,2.0,,,,,,8.0,,,,,,,,,,,,,,,2.0,,,,,,,,,,,,,,,,,,,,,,,,,,,,,,,,,,,,,,,
259,PlutoXV,12.0,32.0,,,11.0,6.0,10.0,70.0,,1.0,,8.0,3.0,,,,,7.0,,,,,,,2.0,,,,,7.0,,1.0,1.0,,,,,,,,,,,,,,,,,,,,,,,,,,,,,,,,,,,,,,,
260,ColonelKurtz73,,2.0,,,,,1.0,3.0,,,,,,,,,,,,,,,,,,,,,,,,,,,,,,,,,,,,,,,,,,,,,,,,,,,,,,,,,,,,,,,,
261,A_Slavic_Potato,5.0,14.0,,,,3.0,40.0,29.0,,28.0,6575.0,1.0,,,,,,,,,,,,,,,,,,6.0,,1.0,,,,,2.0,1.0,,,,,,,,,,,,,,,,,,,,,,,,,,,,,,,,,,
262,__Senpaii,330.0,1026.0,195.0,196.0,216.0,658.0,150.0,1629.0,32.0,194.0,18117.0,162.0,34.0,74.0,59.0,16.0,33.0,43.0,,18.0,10.0,115.0,42.0,2.0,65.0,26.0,235.0,282.0,30.0,12.0,379.0,79.0,19.0,48.0,1.0,28.0,139.0,9.0,12.0,41.0,39.0,7.0,18.0,41.0,32.0,20.0,88.0,29.0,48.0,20.0,765.0,,8.0,30.0,60.0,2.0,32.0,74.0,28.0,4.0,4.0,8.0,383.0,24.0,,,19.0,,,,1.0,7.0
263,MaroonMoron355,11.0,2.0,,,15.0,4.0,79.0,12.0,,75.0,,9.0,,,,,,,,,,,3.0,,,,,9.0,,,27.0,,,,,,,,,,,,,,,,,,1.0,,,,,,,,,,,,,,,,,,,,,,,
264,tuckcedo,249.0,1204.0,15.0,86.0,70.0,249.0,175.0,1158.0,58.0,58.0,17328.0,58.0,15.0,2.0,24.0,4.0,30.0,109.0,4.0,1.0,18.0,20.0,10.0,2.0,94.0,5.0,47.0,194.0,20.0,26.0,71.0,24.0,6.0,26.0,,31.0,172.0,3.0,,10.0,1.0,3.0,10.0,9.0,3.0,1.0,14.0,2.0,,8.0,,2.0,,2.0,,1.0,,19.0,1.0,7.0,4.0,2.0,2.0,,,,,,,,,
265,ChiefNerdCraig,6.0,6.0,,,2.0,7.0,,15.0,,1.0,3.0,2.0,,,,,,5.0,,,,,,,,,,4.0,,,,,,,,,,,,,,,,,,,,,,,,,,,,,,,,,,,,,,,,,,,,
266,born_child,4.0,18.0,,,4.0,6.0,5.0,18.0,,8.0,9515.0,2.0,,,,,,1.0,,1.0,,,1.0,,,,,1.0,,4.0,13.0,,1.0,,,,,1.0,,1.0,,,,,,,,1.0,,,,,,,,,,,,,,,,,,,,,,,,
267,tom_9015,,,,,,,,3.0,,,,,,,,,,,,,,,,,,,,,,,,,,,,,,,,,,,,,,,,,,,,,,,,,,,,,,,,,,,,,,,,
268,Bulkaa9,16.0,802.0,161.0,7.0,36.0,20.0,56.0,566.0,3.0,37.0,5560.0,6.0,2.0,,25.0,1.0,,5.0,,,,,3.0,12.0,1.0,,,36.0,,6.0,,8.0,,1.0,,44.0,56.0,,,,,,,,,,,16.0,,2.0,3.0,,,,,2.0,,,,,3.0,1.0,,,,,,,,,,
269,gothwaifu001011,13.0,41.0,,,32.0,3.0,19.0,63.0,,13.0,515.0,10.0,,,,,,,,,,,1.0,,,,,7.0,,,,3.0,2.0,2.0,,,,,,,1.0,,,,,,,,,,,,,,,,,,,,,,,,,,,,,,,
270,doubloon,3.0,12.0,,,,4.0,,19.0,,1.0,76.0,2.0,,1.0,,,4.0,,,,,,,,,,,,,,,,,,,,,,,,,,,,,,,,,,,,,,,,,,,,,,,,,,,,,,,
271,Vertym360,,,,,,,,1.0,,4.0,,,,,,,,,,,,,,,,,,,,,,,,,,,,,,,,,,,,,,,,,,,,,,,,,,,,,,,,,,,,,,
272,Taffydragon,1.0,7.0,,,,3.0,3.0,15.0,,,,19.0,,,,,,,,,,,,,,,,,,,,,,,,,,,,,3.0,,,,,,,,,,,,,,,,,,,,,,,,,,,,,,,
273,Theddy,65.0,197.0,83.0,269.0,,128.0,8.0,334.0,37.0,40.0,5431.0,226.0,8.0,,94.0,,4.0,18.0,,,,88.0,,7.0,81.0,13.0,10031.0,1.0,440.0,18.0,344.0,24.0,,2534.0,8.0,717.0,101616.0,,2.0,,16.0,13.0,1700.0,7.0,,14.0,8261.0,,,,,,,,,,,50.0,,,3.0,,,,,,,,,,,
274,annabouncy,5.0,16.0,,,1.0,4.0,10.0,29.0,,4.0,,1.0,2.0,,,,,,,,,,,1.0,,,,7.0,,9.0,,,2.0,,,,,1.0,,,,,,,,,,,,,,,,,,,,,,,,,,,,,,,,,,
275,TheMusicMan31,3.0,28.0,,,1.0,27.0,1.0,60.0,,,1586.0,2.0,2.0,1.0,,,,,,,,,2.0,,8.0,,,,,,57.0,2.0,1.0,,,,1.0,,,,,,,,,,,,,,,,,,,,,,,,,,,,,,,,,,,
276,Xaryop,,,,,,,,2.0,,,,,,,,,,,,,,,,,,,,,,,,,,,,,,,,,,,,,,,,,,,,,,,,,,,,,,,,,,,,,,,,
277,MuffyHotBuns,,4.0,,,1.0,,3.0,7.0,,1.0,,1.0,,,,,,,,,,,,,,,,,,,,,,,,,,,,,,,,,,,,,,,,,,,,,,,,,,,,2.0,,,,,,,,
278,KermitTheFrogey,3.0,,,,,,,4.0,,,,,,,,,,,,,,,,,,,,,,,,,,,,,,,,,,,,,,,,,,,,,,,,,,,,,,,,,,,,,,,,
279,OhEmBee,,,,,4.0,,7.0,4.0,,4.0,,6.0,,,,,,,,,,,,,,,,,,,,,,,,,,,,,,,,,,,,,,,,,,,,,,,,,,,,,,,,,,,,
280,croprol,14.0,53.0,,,8.0,11.0,6.0,69.0,,30.0,2.0,3.0,6.0,,,,,1.0,,,,,17.0,,,,1.0,373.0,,,14.0,1.0,2.0,,,,1.0,1.0,,,,,,,,,,2.0,,,,,,,,,,,,,,,,,,,,,,,,
